"Date","Revenue(VND)","Bookings_Total","Bookings_Domestic","Bookings_International","Revenue_Domestic(VND)","Revenue_International(VND)"
"2021-01-01","  99,232,698 ","14","9","5","  32,210,826 ","  67,021,872 "
"2021-01-02","  86,936,366 ","13","9","4","  31,190,188 ","  55,746,178 "
"2021-01-03","  73,639,665 ","10","6","4","  18,830,525 ","  54,809,140 "
"2021-01-04","  40,954,773 ","10","9","1","  23,198,817 ","  17,755,956 "
"2021-01-05","  92,269,506 ","10","4","6","  10,661,671 ","  81,607,835 "
"2021-01-06","  46,046,388 ","8","6","2","  19,641,907 ","  26,404,481 "
"2021-01-07","  53,494,423 ","11","9","2","  27,271,281 ","  26,223,142 "
"2021-01-08","  23,994,552 ","8","8","0","  23,994,552 ","0"
"2021-01-09","  64,414,124 ","12","9","3","  25,299,748 ","  39,114,376 "
"2021-01-10","  39,508,866 ","8","6","2","  18,272,706 ","  21,236,160 "
"2021-01-11","  32,705,428 ","8","7","1","  17,391,271 ","  15,314,157 "
"2021-01-12","  36,250,340 ","4","2","2","  6,670,509 ","  29,579,831 "
"2021-01-13","  63,765,769 ","7","4","3","  9,520,042 ","  54,245,727 "
"2021-01-14","  33,564,076 ","7","6","1","  18,425,664 ","  15,138,412 "
"2021-01-15","  109,699,771 ","14","7","7","  20,893,596 ","  88,806,175 "
"2021-01-16","  103,709,207 ","15","9","6","  26,512,553 ","  77,196,654 "
"2021-01-17","  62,536,477 ","10","7","3","  20,100,480 ","  42,435,997 "
"2021-01-18","  94,845,455 ","11","5","6","  11,359,265 ","  83,486,190 "
"2021-01-19","  12,764,834 ","3","2","1","  6,764,834 ","  6,000,000 "
"2021-01-20","  76,137,814 ","20","18","2","  53,409,118 ","  22,728,696 "
"2021-01-21","  270,416,254 ","35","20","15","  62,123,433 ","  208,292,821 "
"2021-01-22","  111,850,200 ","20","14","6","  42,344,496 ","  69,505,704 "
"2021-01-23","  96,589,851 ","14","8","6","  25,493,860 ","  71,095,991 "
"2021-01-24","  154,138,283 ","32","27","5","  85,939,154 ","  68,199,129 "
"2021-01-25","  168,038,189 ","20","12","8","  39,517,278 ","  128,520,911 "
"2021-01-26","  189,630,353 ","30","20","10","  62,561,106 ","  127,069,247 "
"2021-01-27","  140,501,560 ","25","19","6","  53,895,855 ","  86,605,705 "
"2021-01-28","  193,342,264 ","30","22","8","  71,639,901 ","  121,702,363 "
"2021-01-29","  82,327,559 ","12","8","4","  22,678,242 ","  59,649,317 "
"2021-01-30","  238,699,701 ","29","14","15","  39,303,132 ","  199,396,569 "
"2021-01-31","  221,703,398 ","32","21","11","  57,459,089 ","  164,244,309 "
"2021-02-01","  87,800,953 ","20","18","2","  50,437,847 ","  37,363,106 "
"2021-02-02","  132,046,603 ","15","6","9","  18,465,955 ","  113,580,648 "
"2021-02-03","  94,477,645 ","18","13","5","  40,228,478 ","  54,249,167 "
"2021-02-04","  239,506,132 ","35","23","12","  67,168,864 ","  172,337,268 "
"2021-02-05","  142,420,070 ","23","16","7","  46,389,990 ","  96,030,080 "
"2021-02-06","  77,065,358 ","17","15","2","  48,326,501 ","  28,738,857 "
"2021-02-07","  139,155,023 ","17","9","8","  26,348,133 ","  112,806,890 "
"2021-02-08","  141,298,478 ","25","18","7","  55,844,251 ","  85,454,227 "
"2021-02-09","  146,324,359 ","20","13","7","  37,697,760 ","  108,626,599 "
"2021-02-10","  187,458,876 ","32","24","8","  73,215,438 ","  114,243,438 "
"2021-02-11","  122,064,542 ","25","21","4","  63,064,155 ","  59,000,387 "
"2021-02-12","  149,422,122 ","34","30","4","  88,054,851 ","  61,367,271 "
"2021-02-13","  185,069,173 ","34","27","7","  81,721,793 ","  103,347,380 "
"2021-02-14","  174,954,771 ","34","28","6","  82,818,601 ","  92,136,170 "
"2021-02-15","  86,717,595 ","10","6","4","  13,921,567 ","  72,796,028 "
"2021-02-16","  83,390,444 ","11","7","4","  21,923,416 ","  61,467,028 "
"2021-02-17","  27,738,039 ","6","5","1","  13,506,547 ","  14,231,492 "
"2021-02-18","  46,985,187 ","8","6","2","  20,199,038 ","  26,786,149 "
"2021-02-19","  61,062,211 ","9","7","2","  23,513,313 ","  37,548,898 "
"2021-02-20","  114,904,931 ","16","10","6","  30,869,195 ","  84,035,736 "
"2021-02-21","  77,624,281 ","13","10","3","  28,941,193 ","  48,683,088 "
"2021-02-22","  42,318,852 ","5","3","2","  7,387,014 ","  34,931,838 "
"2021-02-23","  57,386,764 ","8","6","2","  22,045,559 ","  35,341,205 "
"2021-02-24","  59,631,813 ","11","8","3","  24,999,017 ","  34,632,796 "
"2021-02-25","  42,159,118 ","10","9","1","  25,472,426 ","  16,686,692 "
"2021-02-26","  81,840,596 ","10","6","4","  17,409,472 ","  64,431,124 "
"2021-02-27","  51,658,324 ","10","8","2","  20,640,120 ","  31,018,204 "
"2021-02-28","  51,044,130 ","8","6","2","  17,799,569 ","  33,244,561 "
"2021-03-01","  74,033,308 ","10","6","4","  19,606,452 ","  54,426,856 "
"2021-03-02","  41,780,803 ","7","4","3","  8,570,416 ","  33,210,387 "
"2021-03-03","  70,817,083 ","12","9","3","  28,744,135 ","  42,072,948 "
"2021-03-04","  32,501,578 ","8","7","1","  23,326,738 ","  9,174,840 "
"2021-03-05","  39,702,100 ","7","6","1","  18,344,707 ","  21,357,393 "
"2021-03-06","  54,591,647 ","13","11","2","  29,654,622 ","  24,937,025 "
"2021-03-07","  73,008,905 ","12","8","4","  22,848,079 ","  50,160,826 "
"2021-03-08","  51,819,408 ","12","10","2","  28,036,139 ","  23,783,269 "
"2021-03-09","  48,859,180 ","6","4","2","  13,323,713 ","  35,535,467 "
"2021-03-10","  24,577,131 ","8","8","0","  24,577,131 ","0"
"2021-03-11","  31,342,516 ","9","8","1","  25,342,516 ","  6,000,000 "
"2021-03-12","  33,173,157 ","7","6","1","  20,980,139 ","  12,193,018 "
"2021-03-13","  28,814,697 ","9","9","0","  28,814,697 ","0"
"2021-03-14","  34,997,391 ","8","7","1","  19,482,444 ","  15,514,947 "
"2021-03-15","  59,466,995 ","7","4","3","  13,230,573 ","  46,236,422 "
"2021-03-16","  45,294,891 ","4","2","2","  5,633,608 ","  39,661,283 "
"2021-03-17","  76,864,390 ","12","8","4","  27,265,033 ","  49,599,357 "
"2021-03-18","  101,277,367 ","11","5","6","  18,149,898 ","  83,127,469 "
"2021-03-19","  87,644,788 ","16","13","3","  38,120,231 ","  49,524,557 "
"2021-03-20","  61,106,048 ","14","12","2","  34,872,793 ","  26,233,255 "
"2021-03-21","  50,703,878 ","7","5","2","  13,401,160 ","  37,302,718 "
"2021-03-22","  88,951,889 ","12","7","5","  23,251,175 ","  65,700,714 "
"2021-03-23","  41,090,640 ","8","6","2","  19,521,936 ","  21,568,704 "
"2021-03-24","  82,323,778 ","14","11","3","  37,689,509 ","  44,634,269 "
"2021-03-25","  43,434,601 ","10","8","2","  24,538,995 ","  18,895,606 "
"2021-03-26","  3,626,516 ","1","1","0","  3,626,516 ","0"
"2021-03-27","  95,002,775 ","13","7","6","  19,248,279 ","  75,754,496 "
"2021-03-28","  88,237,706 ","16","12","4","  36,611,806 ","  51,625,900 "
"2021-03-29","  64,495,518 ","10","7","3","  18,326,516 ","  46,169,002 "
"2021-03-30","  58,664,324 ","7","4","3","  11,792,496 ","  46,871,828 "
"2021-03-31","  34,861,219 ","5","3","2","  9,140,780 ","  25,720,439 "
"2021-04-01","  40,344,997 ","7","5","2","  15,696,659 ","  24,648,338 "
"2021-04-02","  32,607,671 ","5","4","1","  13,636,000 ","  18,971,671 "
"2021-04-03","  45,561,995 ","7","5","2","  15,426,582 ","  30,135,413 "
"2021-04-04","  96,159,872 ","12","8","4","  24,239,660 ","  71,920,212 "
"2021-04-05","  88,233,936 ","13","9","4","  27,264,909 ","  60,969,027 "
"2021-04-06","  47,564,934 ","10","8","2","  23,270,853 ","  24,294,081 "
"2021-04-07","  36,655,240 ","9","8","1","  22,684,924 ","  13,970,316 "
"2021-04-08","  26,511,133 ","9","8","1","  20,511,133 ","  6,000,000 "
"2021-04-09","  24,745,834 ","8","8","0","  24,745,834 ","0"
"2021-04-10","  80,412,698 ","8","4","4","  10,930,038 ","  69,482,660 "
"2021-04-11","  82,554,284 ","17","14","3","  42,602,268 ","  39,952,016 "
"2021-04-12","  24,002,243 ","3","2","1","  6,794,248 ","  17,207,995 "
"2021-04-13","  50,694,680 ","11","10","1","  31,872,519 ","  18,822,161 "
"2021-04-14","  74,706,193 ","10","7","3","  20,999,198 ","  53,706,995 "
"2021-04-15","  81,618,994 ","15","11","4","  29,525,936 ","  52,093,058 "
"2021-04-16","  24,372,394 ","2","1","1","  2,680,543 ","  21,691,851 "
"2021-04-17","  40,670,246 ","10","9","1","  27,988,258 ","  12,681,988 "
"2021-04-18","  111,222,663 ","18","13","5","  39,473,617 ","  71,749,046 "
"2021-04-19","  65,298,945 ","10","7","3","  24,147,495 ","  41,151,450 "
"2021-04-20","  100,173,646 ","13","9","4","  30,792,330 ","  69,381,316 "
"2021-04-21","  48,671,662 ","6","3","3","  9,448,916 ","  39,222,746 "
"2021-04-22","  92,829,239 ","15","10","5","  25,318,258 ","  67,510,981 "
"2021-04-23","  76,059,821 ","10","7","3","  19,207,439 ","  56,852,382 "
"2021-04-24","  47,163,101 ","5","3","2","  9,747,763 ","  37,415,338 "
"2021-04-25","  143,056,741 ","23","17","6","  51,987,175 ","  91,069,566 "
"2021-04-26","  143,820,190 ","23","17","6","  50,656,672 ","  93,163,518 "
"2021-04-27","  105,019,497 ","16","9","7","  23,060,445 ","  81,959,052 "
"2021-04-28","  61,498,631 ","16","15","1","  50,343,873 ","  11,154,758 "
"2021-04-29","  77,336,676 ","16","14","2","  46,435,393 ","  30,901,283 "
"2021-04-30","  83,803,857 ","25","24","1","  65,830,352 ","  17,973,505 "
"2021-05-01","  226,910,656 ","31","19","12","  51,603,321 ","  175,307,335 "
"2021-05-02","  112,381,389 ","19","13","6","  38,779,074 ","  73,602,315 "
"2021-05-03","  60,941,068 ","9","6","3","  17,666,394 ","  43,274,674 "
"2021-05-04","  107,870,868 ","18","14","4","  43,078,345 ","  64,792,523 "
"2021-05-05","  90,098,480 ","16","12","4","  38,535,676 ","  51,562,804 "
"2021-05-06","  27,386,736 ","5","4","1","  10,294,800 ","  17,091,936 "
"2021-05-07","  37,990,196 ","6","4","2","  12,186,263 ","  25,803,933 "
"2021-05-08","  30,751,211 ","9","9","0","  30,751,211 ","0"
"2021-05-09","  47,468,782 ","10","8","2","  24,191,503 ","  23,277,279 "
"2021-05-10","  69,642,958 ","11","8","3","  26,044,201 ","  43,598,757 "
"2021-05-11","  25,328,208 ","6","5","1","  12,706,362 ","  12,621,846 "
"2021-05-12","  42,411,621 ","10","9","1","  29,806,796 ","  12,604,825 "
"2021-05-13","  50,912,762 ","10","9","1","  32,838,048 ","  18,074,714 "
"2021-05-14","  19,662,256 ","5","4","1","  10,188,873 ","  9,473,383 "
"2021-05-15","  74,455,914 ","9","4","5","  11,575,635 ","  62,880,279 "
"2021-05-16","  124,742,578 ","23","18","5","  57,591,109 ","  67,151,469 "
"2021-05-17","  75,348,615 ","10","6","4","  17,094,619 ","  58,253,996 "
"2021-05-18","  47,552,282 ","7","5","2","  18,387,698 ","  29,164,584 "
"2021-05-19","  52,209,200 ","10","8","2","  23,479,644 ","  28,729,556 "
"2021-05-20","  58,407,148 ","8","5","3","  14,454,874 ","  43,952,274 "
"2021-05-21","  57,577,873 ","8","4","4","  16,095,164 ","  41,482,709 "
"2021-05-22","  50,353,136 ","12","11","1","  34,582,178 ","  15,770,958 "
"2021-05-23","  68,338,033 ","7","4","3","  10,491,639 ","  57,846,394 "
"2021-05-24","  39,845,048 ","8","6","2","  15,764,454 ","  24,080,594 "
"2021-05-25","  71,120,555 ","11","8","3","  22,306,109 ","  48,814,446 "
"2021-05-26","  81,396,918 ","9","3","6","  9,361,012 ","  72,035,906 "
"2021-05-27","  26,294,904 ","6","5","1","  11,745,491 ","  14,549,413 "
"2021-05-28","  54,890,896 ","7","4","3","  11,405,417 ","  43,485,479 "
"2021-05-29","  43,010,438 ","5","3","2","  11,508,056 ","  31,502,382 "
"2021-05-30","  28,107,218 ","9","9","0","  28,107,218 ","0"
"2021-05-31","  36,064,855 ","7","6","1","  22,465,762 ","  13,599,093 "
"2021-06-01","  184,023,035 ","26","16","10","  51,025,703 ","  132,997,332 "
"2021-06-02","  165,238,254 ","20","8","12","  25,379,186 ","  139,859,068 "
"2021-06-03","  101,221,826 ","16","12","4","  38,931,091 ","  62,290,735 "
"2021-06-04","  116,666,958 ","14","7","7","  23,172,519 ","  93,494,439 "
"2021-06-05","  99,501,796 ","16","12","4","  38,731,684 ","  60,770,112 "
"2021-06-06","  194,751,887 ","25","14","11","  43,088,851 ","  151,663,036 "
"2021-06-07","  156,589,982 ","26","18","8","  54,058,659 ","  102,531,323 "
"2021-06-08","  129,005,344 ","18","9","9","  27,019,884 ","  101,985,460 "
"2021-06-09","  125,126,601 ","18","12","6","  38,094,530 ","  87,032,071 "
"2021-06-10","  250,339,694 ","20","4","16","  12,118,240 ","  238,221,454 "
"2021-06-11","  129,618,639 ","16","8","8","  29,031,918 ","  100,586,721 "
"2021-06-12","  191,692,655 ","18","8","10","  26,412,108 ","  165,280,547 "
"2021-06-13","  321,926,682 ","32","14","18","  44,298,951 ","  277,627,731 "
"2021-06-14","  99,105,339 ","12","6","6","  15,657,768 ","  83,447,571 "
"2021-06-15","  85,525,611 ","12","8","4","  25,670,861 ","  59,854,750 "
"2021-06-16","  63,098,728 ","12","10","2","  28,254,331 ","  34,844,397 "
"2021-06-17","  150,712,600 ","18","10","8","  28,211,853 ","  122,500,747 "
"2021-06-18","  178,652,774 ","23","14","9","  44,113,445 ","  134,539,329 "
"2021-06-19","  107,881,698 ","14","7","7","  21,842,835 ","  86,038,863 "
"2021-06-20","  169,674,464 ","30","23","7","  69,454,404 ","  100,220,060 "
"2021-06-21","  191,934,256 ","22","13","9","  38,524,073 ","  153,410,183 "
"2021-06-22","  138,876,224 ","18","10","8","  28,374,520 ","  110,501,704 "
"2021-06-23","  106,319,284 ","14","9","5","  26,008,559 ","  80,310,725 "
"2021-06-24","  160,599,921 ","16","8","8","  23,718,196 ","  136,881,725 "
"2021-06-25","  110,571,443 ","18","12","6","  36,870,678 ","  73,700,765 "
"2021-06-26","  165,854,764 ","23","15","8","  47,039,706 ","  118,815,058 "
"2021-06-27","  50,407,439 ","14","12","2","  32,130,595 ","  18,276,844 "
"2021-06-28","  87,280,829 ","14","10","4","  27,571,308 ","  59,709,521 "
"2021-06-29","  161,267,931 ","18","10","8","  33,639,996 ","  127,627,935 "
"2021-06-30","  177,309,083 ","24","15","9","  41,360,822 ","  135,948,261 "
"2021-07-01","  125,729,690 ","20","13","7","  35,563,937 ","  90,165,753 "
"2021-07-02","  156,678,814 ","18","9","9","  27,094,171 ","  129,584,643 "
"2021-07-03","  200,000,609 ","32","22","10","  68,066,715 ","  131,933,894 "
"2021-07-04","  84,675,617 ","16","13","3","  40,093,997 ","  44,581,620 "
"2021-07-05","  89,168,743 ","14","9","5","  23,917,818 ","  65,250,925 "
"2021-07-06","  180,525,006 ","22","13","9","  38,245,784 ","  142,279,222 "
"2021-07-07","  78,442,598 ","10","6","4","  19,659,268 ","  58,783,330 "
"2021-07-08","  184,350,754 ","26","16","10","  54,918,600 ","  129,432,154 "
"2021-07-09","  224,275,782 ","25","10","15","  26,611,625 ","  197,664,157 "
"2021-07-10","  107,984,190 ","12","7","5","  20,254,397 ","  87,729,793 "
"2021-07-11","  89,435,499 ","16","11","5","  30,346,795 ","  59,088,704 "
"2021-07-12","  32,232,712 ","4","3","1","  9,526,348 ","  22,706,364 "
"2021-07-13","  200,830,368 ","24","13","11","  38,730,002 ","  162,100,366 "
"2021-07-14","  216,977,714 ","28","15","13","  39,019,436 ","  177,958,278 "
"2021-07-15","  233,159,972 ","26","14","12","  47,237,744 ","  185,922,228 "
"2021-07-16","  222,667,405 ","32","21","11","  66,370,255 ","  156,297,150 "
"2021-07-17","  175,278,672 ","25","15","10","  44,074,434 ","  131,204,238 "
"2021-07-18","  115,855,206 ","21","17","4","  50,736,092 ","  65,119,114 "
"2021-07-19","  136,482,478 ","18","10","8","  30,248,161 ","  106,234,317 "
"2021-07-20","  139,103,147 ","14","5","9","  14,223,328 ","  124,879,819 "
"2021-07-21","  147,655,391 ","20","12","8","  40,137,038 ","  107,518,353 "
"2021-07-22","  79,786,779 ","12","8","4","  23,863,333 ","  55,923,446 "
"2021-07-23","  254,590,220 ","34","19","15","  57,618,023 ","  196,972,197 "
"2021-07-24","  231,825,659 ","34","23","11","  63,229,262 ","  168,596,397 "
"2021-07-25","  164,238,141 ","30","22","8","  64,381,920 ","  99,856,221 "
"2021-07-26","  196,089,921 ","27","15","12","  39,053,957 ","  157,035,964 "
"2021-07-27","  238,834,212 ","28","15","13","  47,597,219 ","  191,236,993 "
"2021-07-28","  101,754,966 ","16","12","4","  37,315,754 ","  64,439,212 "
"2021-07-29","  79,335,632 ","12","8","4","  26,640,354 ","  52,695,278 "
"2021-07-30","  204,608,135 ","32","21","11","  59,402,434 ","  145,205,701 "
"2021-07-31","  138,871,988 ","23","16","7","  53,844,953 ","  85,027,035 "
"2021-08-01","  148,883,725 ","21","13","8","  36,312,788 ","  112,570,937 "
"2021-08-02","  82,276,662 ","12","8","4","  23,152,034 ","  59,124,628 "
"2021-08-03","  164,627,226 ","24","15","9","  39,943,026 ","  124,684,200 "
"2021-08-04","  132,702,479 ","22","15","7","  50,415,321 ","  82,287,158 "
"2021-08-05","  154,887,258 ","18","8","10","  23,652,068 ","  131,235,190 "
"2021-08-06","  230,956,489 ","28","14","14","  36,686,820 ","  194,269,669 "
"2021-08-07","  121,284,528 ","16","8","8","  23,584,336 ","  97,700,192 "
"2021-08-08","  238,553,347 ","25","12","13","  40,951,815 ","  197,601,532 "
"2021-08-09","  48,793,476 ","8","5","3","  15,530,719 ","  33,262,757 "
"2021-08-10","  115,724,455 ","18","12","6","  35,115,921 ","  80,608,534 "
"2021-08-11","  120,154,204 ","16","9","7","  25,373,482 ","  94,780,722 "
"2021-08-12","  90,495,045 ","14","10","4","  29,470,591 ","  61,024,454 "
"2021-08-13","  153,708,182 ","23","14","9","  44,875,827 ","  108,832,355 "
"2021-08-14","  154,417,710 ","18","9","9","  26,590,174 ","  127,827,536 "
"2021-08-15","  177,280,636 ","21","10","11","  27,774,401 ","  149,506,235 "
"2021-08-16","  128,345,998 ","20","13","7","  38,560,994 ","  89,785,004 "
"2021-08-17","  177,740,062 ","28","19","9","  53,127,061 ","  124,613,001 "
"2021-08-18","  196,903,402 ","24","13","11","  38,693,961 ","  158,209,441 "
"2021-08-19","  111,427,457 ","12","5","7","  16,636,950 ","  94,790,507 "
"2021-08-20","  251,312,690 ","28","15","13","  45,309,003 ","  206,003,687 "
"2021-08-21","  76,485,219 ","18","14","4","  38,697,454 ","  37,787,765 "
"2021-08-22","  213,501,349 ","28","17","11","  53,421,653 ","  160,079,696 "
"2021-08-23","  64,403,679 ","10","6","4","  16,033,659 ","  48,370,020 "
"2021-08-24","  205,548,902 ","26","14","12","  41,178,378 ","  164,370,524 "
"2021-08-25","  47,554,326 ","8","5","3","  15,105,413 ","  32,448,913 "
"2021-08-26","  49,554,206 ","10","8","2","  23,910,611 ","  25,643,595 "
"2021-08-27","  222,146,362 ","28","14","14","  44,104,686 ","  178,041,676 "
"2021-08-28","  36,869,576 ","9","7","2","  21,797,368 ","  15,072,208 "
"2021-08-29","  193,528,964 ","28","18","10","  56,899,097 ","  136,629,867 "
"2021-08-30","  89,903,004 ","16","12","4","  32,776,018 ","  57,126,986 "
"2021-08-31","  60,559,243 ","8","4","4","  9,266,937 ","  51,292,306 "
"2021-09-01","  79,566,991 ","10","5","5","  15,233,469 ","  64,333,522 "
"2021-09-02","  98,360,152 ","18","14","4","  40,363,088 ","  57,997,064 "
"2021-09-03","  45,748,476 ","9","8","1","  23,679,957 ","  22,068,519 "
"2021-09-04","  122,383,892 ","22","16","6","  44,723,477 ","  77,660,415 "
"2021-09-05","  157,074,901 ","20","11","9","  34,426,102 ","  122,648,799 "
"2021-09-06","  50,007,045 ","8","6","2","  17,086,062 ","  32,920,983 "
"2021-09-07","  34,460,825 ","8","7","1","  22,493,296 ","  11,967,529 "
"2021-09-08","  55,369,513 ","10","8","2","  21,439,182 ","  33,930,331 "
"2021-09-09","  35,825,804 ","7","6","1","  20,938,978 ","  14,886,826 "
"2021-09-10","  66,084,544 ","13","11","2","  32,703,761 ","  33,380,783 "
"2021-09-11","  75,516,649 ","13","9","4","  27,346,846 ","  48,169,803 "
"2021-09-12","  25,133,986 ","8","8","0","  25,133,986 ","0"
"2021-09-13","  48,519,186 ","10","8","2","  24,734,308 ","  23,784,878 "
"2021-09-14","  46,601,038 ","12","11","1","  34,241,257 ","  12,359,781 "
"2021-09-15","  85,174,787 ","12","8","4","  23,408,852 ","  61,765,935 "
"2021-09-16","  113,002,437 ","17","10","7","  29,625,563 ","  83,376,874 "
"2021-09-17","  69,333,546 ","10","6","4","  16,440,573 ","  52,892,973 "
"2021-09-18","  8,686,071 ","3","3","0","  8,686,071 ","0"
"2021-09-19","  88,555,773 ","14","9","5","  24,725,744 ","  63,830,029 "
"2021-09-20","  49,219,543 ","6","3","3","  6,857,491 ","  42,362,052 "
"2021-09-21","  34,467,681 ","9","8","1","  21,200,387 ","  13,267,294 "
"2021-09-22","  59,463,675 ","12","10","2","  32,028,882 ","  27,434,793 "
"2021-09-23","  54,488,644 ","12","10","2","  32,247,686 ","  22,240,958 "
"2021-09-24","  83,208,663 ","13","9","4","  28,145,459 ","  55,063,204 "
"2021-09-25","  76,211,283 ","12","9","3","  28,414,225 ","  47,797,058 "
"2021-09-26","  73,184,617 ","9","5","4","  15,239,550 ","  57,945,067 "
"2021-09-27","  57,830,536 ","9","6","3","  15,746,699 ","  42,083,837 "
"2021-09-28","  25,849,810 ","5","4","1","  13,663,018 ","  12,186,792 "
"2021-09-29","  61,264,369 ","9","6","3","  21,660,426 ","  39,603,943 "
"2021-09-30","  89,113,387 ","10","5","5","  16,277,265 ","  72,836,122 "
"2021-10-01","  171,176,125 ","18","10","8","  29,536,907 ","  141,639,218 "
"2021-10-02","  89,612,753 ","10","3","7","  6,776,366 ","  82,836,387 "
"2021-10-03","  83,811,745 ","14","10","4","  31,684,075 ","  52,127,670 "
"2021-10-04","  51,774,234 ","7","4","3","  10,279,994 ","  41,494,240 "
"2021-10-05","  91,790,242 ","13","9","4","  29,810,723 ","  61,979,519 "
"2021-10-06","  53,611,891 ","7","5","2","  18,124,933 ","  35,486,958 "
"2021-10-07","  72,217,168 ","11","8","3","  22,859,467 ","  49,357,701 "
"2021-10-08","  46,198,149 ","13","12","1","  36,413,384 ","  9,784,765 "
"2021-10-09","  24,623,647 ","6","5","1","  14,927,849 ","  9,695,798 "
"2021-10-10","  67,553,007 ","8","5","3","  17,365,382 ","  50,187,625 "
"2021-10-11","  21,216,885 ","6","6","0","  21,216,885 ","0"
"2021-10-12","  25,340,941 ","5","4","1","  10,313,400 ","  15,027,541 "
"2021-10-13","  53,330,569 ","9","6","3","  20,307,805 ","  33,022,764 "
"2021-10-14","  49,090,224 ","9","7","2","  20,379,133 ","  28,711,091 "
"2021-10-15","  35,858,812 ","12","12","0","  35,858,812 ","0"
"2021-10-16","  62,716,100 ","12","9","3","  28,167,820 ","  34,548,280 "
"2021-10-17","  117,172,367 ","13","5","8","  14,013,441 ","  103,158,926 "
"2021-10-18","  58,967,691 ","7","4","3","  12,507,931 ","  46,459,760 "
"2021-10-19","  36,677,965 ","7","5","2","  13,521,833 ","  23,156,132 "
"2021-10-20","  52,318,217 ","7","4","3","  10,202,725 ","  42,115,492 "
"2021-10-21","  57,016,244 ","7","4","3","  11,686,461 ","  45,329,783 "
"2021-10-22","  49,603,721 ","10","9","1","  30,694,605 ","  18,909,116 "
"2021-10-23","  42,016,751 ","9","8","1","  27,785,237 ","  14,231,514 "
"2021-10-24","  93,895,575 ","10","4","6","  12,227,742 ","  81,667,833 "
"2021-10-25","  86,804,840 ","16","12","4","  35,285,904 ","  51,518,936 "
"2021-10-26","  143,977,802 ","17","10","7","  31,349,198 ","  112,628,604 "
"2021-10-27","  21,867,509 ","5","4","1","  10,576,774 ","  11,290,735 "
"2021-10-28","  40,939,829 ","9","8","1","  26,286,767 ","  14,653,062 "
"2021-10-29","  37,698,243 ","8","7","1","  20,839,110 ","  16,859,133 "
"2021-10-30","  21,366,694 ","9","9","0","  21,366,694 ","0"
"2021-10-31","  87,441,902 ","16","12","4","  38,861,193 ","  48,580,709 "
"2021-11-01","  174,408,450 ","20","11","9","  33,718,969 ","  140,689,481 "
"2021-11-02","  32,361,371 ","8","6","2","  17,396,367 ","  14,965,004 "
"2021-11-03","  46,368,324 ","8","6","2","  17,395,671 ","  28,972,653 "
"2021-11-04","  163,069,809 ","24","16","8","  51,384,428 ","  111,685,381 "
"2021-11-05","  129,168,722 ","29","25","4","  72,959,885 ","  56,208,837 "
"2021-11-06","  118,263,099 ","25","20","5","  59,781,026 ","  58,482,073 "
"2021-11-07","  149,251,001 ","16","8","8","  28,191,393 ","  121,059,608 "
"2021-11-08","  54,481,207 ","8","6","2","  20,612,336 ","  33,868,871 "
"2021-11-09","  79,145,078 ","19","16","3","  40,508,100 ","  38,636,978 "
"2021-11-10","  67,731,701 ","8","5","3","  15,724,398 ","  52,007,303 "
"2021-11-11","  56,749,739 ","10","6","4","  16,028,563 ","  40,721,176 "
"2021-11-12","  80,423,793 ","14","11","3","  34,699,146 ","  45,724,647 "
"2021-11-13","  136,669,021 ","22","15","7","  38,767,555 ","  97,901,466 "
"2021-11-14","  169,179,565 ","22","12","10","  38,198,269 ","  130,981,296 "
"2021-11-15","  33,454,031 ","5","3","2","  10,474,221 ","  22,979,810 "
"2021-11-16","  26,109,587 ","8","8","0","  26,109,587 ","0"
"2021-11-17","  100,924,105 ","17","13","4","  38,499,174 ","  62,424,931 "
"2021-11-18","  67,268,305 ","14","12","2","  36,171,653 ","  31,096,652 "
"2021-11-19","  132,264,876 ","18","11","7","  25,437,421 ","  106,827,455 "
"2021-11-20","  82,965,269 ","18","16","2","  53,557,181 ","  29,408,088 "
"2021-11-21","  71,228,664 ","16","14","2","  40,197,286 ","  31,031,378 "
"2021-11-22","  150,462,214 ","19","10","9","  29,215,177 ","  121,247,037 "
"2021-11-23","  94,256,286 ","12","8","4","  26,738,637 ","  67,517,649 "
"2021-11-24","  93,738,390 ","20","16","4","  46,597,246 ","  47,141,144 "
"2021-11-25","  98,269,870 ","14","9","5","  28,229,793 ","  70,040,077 "
"2021-11-26","  261,108,323 ","31","17","14","  47,310,740 ","  213,797,583 "
"2021-11-27","  21,686,758 ","6","5","1","  13,788,589 ","  7,898,169 "
"2021-11-28","  93,036,505 ","13","9","4","  24,916,389 ","  68,120,116 "
"2021-11-29","  100,438,333 ","15","11","4","  34,536,883 ","  65,901,450 "
"2021-11-30","  74,832,674 ","15","12","3","  33,547,038 ","  41,285,636 "
"2021-12-01","  32,575,047 ","3","1","2","  2,541,977 ","  30,033,070 "
"2021-12-02","  69,017,541 ","14","11","3","  36,103,898 ","  32,913,643 "
"2021-12-03","  86,237,645 ","16","12","4","  28,281,941 ","  57,955,704 "
"2021-12-04","  89,908,585 ","18","16","2","  53,750,507 ","  36,158,078 "
"2021-12-05","  145,866,329 ","14","5","9","  13,182,671 ","  132,683,658 "
"2021-12-06","  63,440,963 ","12","9","3","  26,744,285 ","  36,696,678 "
"2021-12-07","  76,574,683 ","10","5","5","  11,756,050 ","  64,818,633 "
"2021-12-08","  131,564,100 ","14","5","9","  13,086,411 ","  118,477,689 "
"2021-12-09","  171,395,630 ","15","5","10","  12,771,270 ","  158,624,360 "
"2021-12-10","  126,687,145 ","20","13","7","  41,783,082 ","  84,904,063 "
"2021-12-11","  127,163,195 ","22","17","5","  40,236,568 ","  86,926,627 "
"2021-12-12","  176,085,431 ","20","9","11","  23,869,292 ","  152,216,139 "
"2021-12-13","  100,049,528 ","10","5","5","  15,057,716 ","  84,991,812 "
"2021-12-14","  218,091,790 ","19","4","15","  14,964,482 ","  203,127,308 "
"2021-12-15","  93,510,925 ","14","11","3","  36,923,607 ","  56,587,318 "
"2021-12-16","  179,916,907 ","14","3","11","  9,878,883 ","  170,038,024 "
"2021-12-17","  91,928,058 ","12","7","5","  21,341,801 ","  70,586,257 "
"2021-12-18","  126,801,998 ","12","4","8","  11,657,300 ","  115,144,698 "
"2021-12-19","  117,869,036 ","14","8","6","  26,782,739 ","  91,086,297 "
"2021-12-20","  73,368,405 ","7","3","4","  9,574,825 ","  63,793,580 "
"2021-12-21","  54,074,835 ","12","10","2","  31,978,827 ","  22,096,008 "
"2021-12-22","  75,208,187 ","8","5","3","  16,270,167 ","  58,938,020 "
"2021-12-23","  131,461,182 ","17","9","8","  24,384,101 ","  107,077,081 "
"2021-12-24","  195,754,305 ","22","11","11","  32,423,799 ","  163,330,506 "
"2021-12-25","  140,268,769 ","16","7","9","  22,751,094 ","  117,517,675 "
"2021-12-26","  153,263,204 ","18","10","8","  34,833,369 ","  118,429,835 "
"2021-12-27","  84,286,239 ","12","8","4","  29,329,236 ","  54,957,003 "
"2021-12-28","  112,942,401 ","15","9","6","  29,642,330 ","  83,300,071 "
"2021-12-29","  69,128,598 ","14","11","3","  35,390,820 ","  33,737,778 "
"2021-12-30","  102,350,864 ","15","11","4","  32,042,125 ","  70,308,739 "
"2021-12-31","  148,068,904 ","20","11","9","  35,252,305 ","  112,816,599 "
"2022-01-01","  41,697,590 ","7","5","2","  15,492,445 ","  26,205,145 "
"2022-01-02","  98,803,965 ","12","7","5","  22,051,070 ","  76,752,895 "
"2022-01-03","  40,118,226 ","7","4","3","  11,937,485 ","  28,180,741 "
"2022-01-04","  45,978,549 ","13","12","1","  37,977,838 ","  8,000,711 "
"2022-01-05","  75,734,900 ","13","10","3","  34,125,114 ","  41,609,786 "
"2022-01-06","  57,706,461 ","10","7","3","  21,406,813 ","  36,299,648 "
"2022-01-07","  59,669,821 ","12","10","2","  33,764,802 ","  25,905,019 "
"2022-01-08","  48,143,078 ","7","5","2","  13,661,911 ","  34,481,167 "
"2022-01-09","  42,646,471 ","10","9","1","  26,986,060 ","  15,660,411 "
"2022-01-10","  57,383,194 ","10","6","4","  17,216,895 ","  40,166,299 "
"2022-01-11","  102,862,576 ","12","6","6","  18,221,346 ","  84,641,230 "
"2022-01-12","  66,505,437 ","10","7","3","  22,321,954 ","  44,183,483 "
"2022-01-13","  33,155,972 ","11","11","0","  33,155,972 ","0"
"2022-01-14","  44,517,831 ","12","11","1","  32,049,694 ","  12,468,137 "
"2022-01-15","  55,404,210 ","8","6","2","  20,770,176 ","  34,634,034 "
"2022-01-16","  97,865,681 ","16","13","3","  39,317,847 ","  58,547,834 "
"2022-01-17","  24,529,760 ","7","6","1","  15,397,800 ","  9,131,960 "
"2022-01-18","  74,374,625 ","9","6","3","  16,233,088 ","  58,141,537 "
"2022-01-19","  18,466,717 ","5","4","1","  7,940,492 ","  10,526,225 "
"2022-01-20","  178,106,690 ","25","17","8","  51,138,625 ","  126,968,065 "
"2022-01-21","  122,352,564 ","23","19","4","  58,715,958 ","  63,636,606 "
"2022-01-22","  159,850,578 ","29","22","7","  67,597,508 ","  92,253,070 "
"2022-01-23","  194,380,842 ","34","22","12","  63,319,720 ","  131,061,122 "
"2022-01-24","  105,431,102 ","18","14","4","  45,017,754 ","  60,413,348 "
"2022-01-25","  58,201,482 ","12","9","3","  20,264,458 ","  37,937,024 "
"2022-01-26","  59,299,715 ","15","14","1","  43,350,327 ","  15,949,388 "
"2022-01-27","  132,152,796 ","18","11","7","  29,680,060 ","  102,472,736 "
"2022-01-28","  98,032,453 ","20","17","3","  48,713,926 ","  49,318,527 "
"2022-01-29","  191,114,187 ","32","24","8","  70,351,708 ","  120,762,479 "
"2022-01-30","  116,769,249 ","26","23","3","  72,271,651 ","  44,497,598 "
"2022-01-31","  234,883,262 ","28","15","13","  43,030,043 ","  191,853,219 "
"2022-02-01","  105,773,543 ","18","14","4","  44,602,873 ","  61,170,670 "
"2022-02-02","  35,298,726 ","8","6","2","  18,583,804 ","  16,714,922 "
"2022-02-03","  204,549,920 ","25","15","10","  41,455,354 ","  163,094,566 "
"2022-02-04","  171,916,643 ","26","18","8","  53,751,764 ","  118,164,879 "
"2022-02-05","  127,476,124 ","23","18","5","  55,874,057 ","  71,602,067 "
"2022-02-06","  125,015,682 ","29","24","5","  73,498,577 ","  51,517,105 "
"2022-02-07","  114,340,250 ","20","15","5","  47,523,528 ","  66,816,722 "
"2022-02-08","  66,692,062 ","10","6","4","  17,376,836 ","  49,315,226 "
"2022-02-09","  204,912,446 ","28","19","9","  62,518,256 ","  142,394,190 "
"2022-02-10","  77,126,751 ","20","18","2","  53,194,834 ","  23,931,917 "
"2022-02-11","  194,374,714 ","29","19","10","  57,260,399 ","  137,114,315 "
"2022-02-12","  242,153,371 ","37","27","10","  80,179,006 ","  161,974,365 "
"2022-02-13","  215,066,249 ","29","17","12","  53,513,166 ","  161,553,083 "
"2022-02-14","  330,283,465 ","38","19","19","  60,084,261 ","  270,199,204 "
"2022-02-15","  134,648,625 ","22","15","7","  46,966,198 ","  87,682,427 "
"2022-02-16","  47,756,456 ","8","6","2","  20,244,485 ","  27,511,971 "
"2022-02-17","  69,111,441 ","12","10","2","  34,852,023 ","  34,259,418 "
"2022-02-18","  77,498,772 ","15","12","3","  32,766,031 ","  44,732,741 "
"2022-02-19","  30,987,011 ","3","1","2","  4,969,487 ","  26,017,524 "
"2022-02-20","  52,609,380 ","8","5","3","  14,074,059 ","  38,535,321 "
"2022-02-21","  92,978,436 ","16","12","4","  32,438,342 ","  60,540,094 "
"2022-02-22","  73,805,602 ","16","14","2","  44,612,401 ","  29,193,201 "
"2022-02-23","  40,048,487 ","8","5","3","  15,996,477 ","  24,052,010 "
"2022-02-24","  81,229,112 ","12","8","4","  23,043,735 ","  58,185,377 "
"2022-02-25","  33,580,658 ","7","6","1","  15,917,248 ","  17,663,410 "
"2022-02-26","  97,449,028 ","10","4","6","  14,913,493 ","  82,535,535 "
"2022-02-27","  50,625,899 ","10","8","2","  22,381,293 ","  28,244,606 "
"2022-02-28","  49,878,808 ","10","8","2","  22,005,808 ","  27,873,000 "
"2022-03-01","  66,752,272 ","8","5","3","  17,009,555 ","  49,742,717 "
"2022-03-02","  72,969,577 ","11","8","3","  20,266,596 ","  52,702,981 "
"2022-03-03","  78,402,759 ","11","6","5","  19,432,122 ","  58,970,637 "
"2022-03-04","  36,527,880 ","7","6","1","  18,714,521 ","  17,813,359 "
"2022-03-05","  49,895,722 ","8","4","4","  10,209,968 ","  39,685,754 "
"2022-03-06","  71,383,828 ","12","9","3","  28,856,386 ","  42,527,442 "
"2022-03-07","  15,112,029 ","5","5","0","  15,112,029 ","0"
"2022-03-08","  61,999,941 ","8","5","3","  13,064,805 ","  48,935,136 "
"2022-03-09","  49,481,372 ","9","7","2","  16,747,365 ","  32,734,007 "
"2022-03-10","  44,177,050 ","10","9","1","  29,267,464 ","  14,909,586 "
"2022-03-11","  28,130,759 ","10","10","0","  28,130,759 ","0"
"2022-03-12","  87,752,392 ","9","4","5","  11,780,821 ","  75,971,571 "
"2022-03-13","  108,207,660 ","15","10","5","  27,036,746 ","  81,170,914 "
"2022-03-14","  98,405,579 ","16","11","5","  34,363,872 ","  64,041,707 "
"2022-03-15","  51,769,735 ","12","9","3","  23,412,324 ","  28,357,411 "
"2022-03-16","  65,789,389 ","10","6","4","  15,141,457 ","  50,647,932 "
"2022-03-17","  51,864,039 ","8","6","2","  19,732,360 ","  32,131,679 "
"2022-03-18","  92,706,598 ","15","10","5","  32,849,204 ","  59,857,394 "
"2022-03-19","  137,238,563 ","21","15","6","  44,037,715 ","  93,200,848 "
"2022-03-20","  51,909,381 ","8","6","2","  19,916,981 ","  31,992,400 "
"2022-03-21","  36,584,777 ","9","8","1","  24,055,870 ","  12,528,907 "
"2022-03-22","  16,160,413 ","5","5","0","  16,160,413 ","0"
"2022-03-23","  40,548,793 ","14","14","0","  40,548,793 ","0"
"2022-03-24","  50,509,421 ","7","4","3","  12,291,582 ","  38,217,839 "
"2022-03-25","  40,218,917 ","10","9","1","  28,092,146 ","  12,126,771 "
"2022-03-26","  33,708,122 ","7","6","1","  16,682,636 ","  17,025,486 "
"2022-03-27","  20,906,764 ","8","8","0","  20,906,764 ","0"
"2022-03-28","  9,151,918 ","3","3","0","  9,151,918 ","0"
"2022-03-29","  46,552,953 ","10","9","1","  30,450,131 ","  16,102,822 "
"2022-03-30","  60,534,880 ","8","5","3","  15,448,214 ","  45,086,666 "
"2022-03-31","  17,377,085 ","5","5","0","  17,377,085 ","0"
"2022-04-01","  90,013,059 ","9","4","5","  15,603,292 ","  74,409,767 "
"2022-04-02","  85,814,978 ","12","8","4","  23,383,495 ","  62,431,483 "
"2022-04-03","  62,089,309 ","13","10","3","  28,599,632 ","  33,489,677 "
"2022-04-04","  42,943,183 ","10","9","1","  26,365,872 ","  16,577,311 "
"2022-04-05","  63,657,645 ","10","7","3","  21,582,603 ","  42,075,042 "
"2022-04-06","  45,568,402 ","8","6","2","  20,333,173 ","  25,235,229 "
"2022-04-07","  47,676,498 ","7","5","2","  15,168,955 ","  32,507,543 "
"2022-04-08","  54,869,300 ","10","8","2","  22,235,229 ","  32,634,071 "
"2022-04-09","  171,988,307 ","24","14","10","  40,335,965 ","  131,652,342 "
"2022-04-10","  17,185,488 ","6","6","0","  17,185,488 ","0"
"2022-04-11","  60,942,029 ","6","3","3","  10,231,974 ","  50,710,055 "
"2022-04-12","  65,452,096 ","11","8","3","  20,924,352 ","  44,527,744 "
"2022-04-13","  76,570,477 ","14","9","5","  24,642,660 ","  51,927,817 "
"2022-04-14","  35,721,895 ","8","7","1","  19,888,875 ","  15,833,020 "
"2022-04-15","  46,206,246 ","8","6","2","  16,869,634 ","  29,336,612 "
"2022-04-16","  66,159,102 ","13","10","3","  29,799,407 ","  36,359,695 "
"2022-04-17","  37,515,706 ","12","11","1","  31,040,400 ","  6,475,306 "
"2022-04-18","  15,541,650 ","6","6","0","  15,541,650 ","0"
"2022-04-19","  54,459,717 ","7","4","3","  11,799,910 ","  42,659,807 "
"2022-04-20","  49,603,343 ","5","2","3","  7,292,693 ","  42,310,650 "
"2022-04-21","  136,279,405 ","15","7","8","  22,860,226 ","  113,419,179 "
"2022-04-22","  72,327,544 ","14","12","2","  38,059,367 ","  34,268,177 "
"2022-04-23","  69,414,755 ","12","10","2","  30,506,885 ","  38,907,870 "
"2022-04-24","  60,741,671 ","5","1","4","  2,958,588 ","  57,783,083 "
"2022-04-25","  101,388,721 ","22","19","3","  59,930,570 ","  41,458,151 "
"2022-04-26","  47,355,317 ","9","8","1","  29,660,221 ","  17,695,096 "
"2022-04-27","  98,793,293 ","11","6","5","  17,403,732 ","  81,389,561 "
"2022-04-28","  78,383,126 ","13","10","3","  30,226,117 ","  48,157,009 "
"2022-04-29","  34,989,955 ","10","10","0","  34,989,955 ","0"
"2022-04-30","  183,979,484 ","33","26","7","  84,146,863 ","  99,832,621 "
"2022-05-01","  62,926,143 ","12","9","3","  23,703,990 ","  39,222,153 "
"2022-05-02","  65,731,157 ","13","10","3","  27,995,498 ","  37,735,659 "
"2022-05-03","  141,087,260 ","18","9","9","  28,153,464 ","  112,933,796 "
"2022-05-04","  67,450,986 ","11","8","3","  22,471,295 ","  44,979,691 "
"2022-05-05","  78,517,695 ","13","10","3","  34,048,613 ","  44,469,082 "
"2022-05-06","  70,983,281 ","12","9","3","  27,707,006 ","  43,276,275 "
"2022-05-07","  35,548,747 ","8","7","1","  24,625,233 ","  10,923,514 "
"2022-05-08","  104,132,990 ","18","13","5","  33,676,361 ","  70,456,629 "
"2022-05-09","  42,791,877 ","10","8","2","  21,477,584 ","  21,314,293 "
"2022-05-10","  73,843,148 ","10","7","3","  22,141,273 ","  51,701,875 "
"2022-05-11","  118,301,717 ","15","9","6","  27,589,391 ","  90,712,326 "
"2022-05-12","  77,135,396 ","9","5","4","  14,854,059 ","  62,281,337 "
"2022-05-13","  127,020,316 ","17","9","8","  25,215,491 ","  101,804,825 "
"2022-05-14","  61,663,005 ","7","4","3","  14,403,414 ","  47,259,591 "
"2022-05-15","  35,690,407 ","8","7","1","  21,112,618 ","  14,577,789 "
"2022-05-16","  59,456,631 ","7","4","3","  13,716,441 ","  45,740,190 "
"2022-05-17","  32,411,331 ","8","7","1","  19,951,534 ","  12,459,797 "
"2022-05-18","  36,298,701 ","8","6","2","  19,510,127 ","  16,788,574 "
"2022-05-19","  16,828,207 ","5","5","0","  16,828,207 ","0"
"2022-05-20","  40,555,743 ","10","9","1","  29,701,144 ","  10,854,599 "
"2022-05-21","  54,420,732 ","9","6","3","  17,618,334 ","  36,802,398 "
"2022-05-22","  19,721,040 ","3","2","1","  6,056,312 ","  13,664,728 "
"2022-05-23","  81,386,693 ","10","5","5","  17,480,690 ","  63,906,003 "
"2022-05-24","  29,283,907 ","5","4","1","  13,018,002 ","  16,265,905 "
"2022-05-25","  30,531,051 ","8","7","1","  17,146,520 ","  13,384,531 "
"2022-05-26","  15,479,815 ","4","4","0","  15,479,815 ","0"
"2022-05-27","  113,993,019 ","14","8","6","  23,118,799 ","  90,874,220 "
"2022-05-28","  39,688,468 ","5","3","2","  12,030,274 ","  27,658,194 "
"2022-05-29","  33,490,269 ","8","7","1","  19,698,874 ","  13,791,395 "
"2022-05-30","  26,895,865 ","6","5","1","  15,514,683 ","  11,381,182 "
"2022-05-31","  17,065,711 ","6","6","0","  17,065,711 ","0"
"2022-06-01","  94,062,528 ","14","10","4","  27,537,510 ","  66,525,018 "
"2022-06-02","  83,447,779 ","14","11","3","  32,211,159 ","  51,236,620 "
"2022-06-03","  150,466,423 ","21","13","8","  37,845,241 ","  112,621,182 "
"2022-06-04","  160,063,147 ","21","12","9","  31,831,581 ","  128,231,566 "
"2022-06-05","  217,975,845 ","28","16","12","  48,958,826 ","  169,017,019 "
"2022-06-06","  115,538,109 ","12","5","7","  16,792,862 ","  98,745,247 "
"2022-06-07","  177,928,530 ","22","11","11","  34,605,911 ","  143,322,619 "
"2022-06-08","  216,213,965 ","30","18","12","  58,273,685 ","  157,940,280 "
"2022-06-09","  153,924,663 ","22","13","9","  36,125,322 ","  117,799,341 "
"2022-06-10","  99,035,929 ","18","14","4","  44,125,831 ","  54,910,098 "
"2022-06-11","  230,559,144 ","25","12","13","  32,884,104 ","  197,675,040 "
"2022-06-12","  107,983,462 ","16","10","6","  31,128,013 ","  76,855,449 "
"2022-06-13","  50,608,800 ","8","6","2","  17,453,509 ","  33,155,291 "
"2022-06-14","  172,516,854 ","24","15","9","  48,375,494 ","  124,141,360 "
"2022-06-15","  146,256,527 ","20","13","7","  37,921,640 ","  108,334,887 "
"2022-06-16","  122,580,170 ","18","11","7","  32,710,974 ","  89,869,196 "
"2022-06-17","  195,424,645 ","23","12","11","  35,095,737 ","  160,328,908 "
"2022-06-18","  176,254,795 ","23","15","8","  48,700,602 ","  127,554,193 "
"2022-06-19","  112,571,810 ","14","8","6","  26,388,523 ","  86,183,287 "
"2022-06-20","  167,824,986 ","26","18","8","  53,347,173 ","  114,477,813 "
"2022-06-21","  141,039,639 ","14","6","8","  18,478,021 ","  122,561,618 "
"2022-06-22","  119,562,311 ","12","6","6","  21,546,765 ","  98,015,546 "
"2022-06-23","  155,961,429 ","24","16","8","  52,145,389 ","  103,816,040 "
"2022-06-24","  137,321,307 ","25","18","7","  54,994,916 ","  82,326,391 "
"2022-06-25","  122,414,920 ","18","12","6","  33,912,830 ","  88,502,090 "
"2022-06-26","  55,266,688 ","9","7","2","  22,921,973 ","  32,344,715 "
"2022-06-27","  116,870,784 ","14","6","8","  18,507,525 ","  98,363,259 "
"2022-06-28","  161,180,405 ","22","14","8","  45,516,841 ","  115,663,564 "
"2022-06-29","  111,566,042 ","20","15","5","  47,250,341 ","  64,315,701 "
"2022-06-30","  156,033,125 ","16","8","8","  21,774,269 ","  134,258,856 "
"2022-07-01","  164,631,691 ","23","15","8","  46,825,826 ","  117,805,865 "
"2022-07-02","  181,929,757 ","23","11","12","  30,885,928 ","  151,043,829 "
"2022-07-03","  225,655,924 ","30","17","13","  53,113,262 ","  172,542,662 "
"2022-07-04","  84,117,025 ","12","7","5","  20,542,537 ","  63,574,488 "
"2022-07-05","  192,374,142 ","18","5","13","  14,236,135 ","  178,138,007 "
"2022-07-06","  64,190,482 ","14","12","2","  37,103,738 ","  27,086,744 "
"2022-07-07","  59,647,443 ","6","3","3","  10,642,033 ","  49,005,410 "
"2022-07-08","  142,819,965 ","21","15","6","  44,954,190 ","  97,865,775 "
"2022-07-09","  157,717,519 ","23","15","8","  43,831,489 ","  113,886,030 "
"2022-07-10","  157,962,356 ","21","12","9","  38,994,743 ","  118,967,613 "
"2022-07-11","  140,070,513 ","18","11","7","  32,821,672 ","  107,248,841 "
"2022-07-12","  253,584,440 ","24","10","14","  30,357,656 ","  223,226,784 "
"2022-07-13","  162,417,567 ","16","7","9","  18,224,120 ","  144,193,447 "
"2022-07-14","  90,968,785 ","14","10","4","  26,373,305 ","  64,595,480 "
"2022-07-15","  172,852,303 ","25","15","10","  45,554,954 ","  127,297,349 "
"2022-07-16","  120,653,195 ","18","13","5","  38,501,735 ","  82,151,460 "
"2022-07-17","  167,251,493 ","18","9","9","  23,361,251 ","  143,890,242 "
"2022-07-18","  109,973,473 ","10","4","6","  14,466,088 ","  95,507,385 "
"2022-07-19","  77,932,088 ","14","11","3","  33,311,011 ","  44,621,077 "
"2022-07-20","  195,636,454 ","20","8","12","  23,336,634 ","  172,299,820 "
"2022-07-21","  102,645,642 ","18","14","4","  41,558,537 ","  61,087,105 "
"2022-07-22","  101,435,921 ","18","13","5","  34,578,324 ","  66,857,597 "
"2022-07-23","  106,179,541 ","14","7","7","  24,077,304 ","  82,102,237 "
"2022-07-24","  291,212,900 ","28","11","17","  32,316,541 ","  258,896,359 "
"2022-07-25","  79,828,674 ","10","6","4","  19,059,852 ","  60,768,822 "
"2022-07-26","  117,982,959 ","28","24","4","  66,017,645 ","  51,965,314 "
"2022-07-27","  191,881,135 ","16","5","11","  12,486,387 ","  179,394,748 "
"2022-07-28","  106,919,040 ","16","11","5","  32,977,615 ","  73,941,425 "
"2022-07-29","  142,544,758 ","23","16","7","  49,602,550 ","  92,942,208 "
"2022-07-30","  235,666,150 ","32","20","12","  57,979,822 ","  177,686,328 "
"2022-07-31","  153,626,681 ","18","10","8","  34,274,753 ","  119,351,928 "
"2022-08-01","  97,564,932 ","10","3","7","  9,420,855 ","  88,144,077 "
"2022-08-02","  94,781,292 ","10","6","4","  17,592,822 ","  77,188,470 "
"2022-08-03","  139,741,259 ","14","4","10","  12,529,279 ","  127,211,980 "
"2022-08-04","  224,881,379 ","24","12","12","  34,244,967 ","  190,636,412 "
"2022-08-05","  169,332,398 ","21","11","10","  35,153,309 ","  134,179,089 "
"2022-08-06","  136,298,044 ","16","8","8","  20,923,106 ","  115,374,938 "
"2022-08-07","  178,479,293 ","21","10","11","  28,067,355 ","  150,411,938 "
"2022-08-08","  55,749,152 ","8","5","3","  13,502,429 ","  42,246,723 "
"2022-08-09","  127,371,689 ","12","6","6","  17,295,390 ","  110,076,299 "
"2022-08-10","  105,461,663 ","12","6","6","  14,721,356 ","  90,740,307 "
"2022-08-11","  21,034,193 ","6","4","2","  7,952,622 ","  13,081,571 "
"2022-08-12","  116,030,906 ","18","12","6","  34,799,788 ","  81,231,118 "
"2022-08-13","  146,164,319 ","18","9","9","  27,479,599 ","  118,684,720 "
"2022-08-14","  194,627,565 ","25","14","11","  44,200,779 ","  150,426,786 "
"2022-08-15","  144,561,803 ","18","8","10","  24,138,133 ","  120,423,670 "
"2022-08-16","  160,611,461 ","20","12","8","  37,737,028 ","  122,874,433 "
"2022-08-17","  152,171,217 ","22","13","9","  43,088,772 ","  109,082,445 "
"2022-08-18","  203,086,742 ","22","10","12","  29,552,422 ","  173,534,320 "
"2022-08-19","  122,123,892 ","14","6","8","  18,412,946 ","  103,710,946 "
"2022-08-20","  109,432,574 ","21","16","5","  41,695,988 ","  67,736,586 "
"2022-08-21","  121,851,237 ","14","7","7","  22,197,345 ","  99,653,892 "
"2022-08-22","  158,746,794 ","26","18","8","  57,262,760 ","  101,484,034 "
"2022-08-23","  185,968,493 ","30","22","8","  66,271,646 ","  119,696,847 "
"2022-08-24","  105,695,656 ","24","21","3","  61,291,449 ","  44,404,207 "
"2022-08-25","  178,751,276 ","24","14","10","  41,862,122 ","  136,889,154 "
"2022-08-26","  99,763,598 ","18","12","6","  35,279,082 ","  64,484,516 "
"2022-08-27","  228,782,207 ","30","21","9","  64,571,252 ","  164,210,955 "
"2022-08-28","  92,343,969 ","12","7","5","  21,404,263 ","  70,939,706 "
"2022-08-29","  108,625,679 ","18","14","4","  46,295,639 ","  62,330,040 "
"2022-08-30","  73,118,133 ","18","15","3","  43,307,877 ","  29,810,256 "
"2022-08-31","  130,469,437 ","22","16","6","  46,943,680 ","  83,525,757 "
"2022-09-01","  64,101,979 ","10","7","3","  22,498,575 ","  41,603,404 "
"2022-09-02","  26,461,280 ","9","9","0","  26,461,280 ","0"
"2022-09-03","  80,071,809 ","17","14","3","  45,431,778 ","  34,640,031 "
"2022-09-04","  153,311,628 ","17","9","8","  29,466,864 ","  123,844,764 "
"2022-09-05","  15,482,072 ","5","5","0","  15,482,072 ","0"
"2022-09-06","  130,748,133 ","21","14","7","  41,730,320 ","  89,017,813 "
"2022-09-07","  133,582,364 ","19","13","6","  37,861,245 ","  95,721,119 "
"2022-09-08","  54,187,863 ","8","6","2","  19,626,541 ","  34,561,322 "
"2022-09-09","  82,985,350 ","13","8","5","  21,029,209 ","  61,956,141 "
"2022-09-10","  79,307,687 ","12","9","3","  30,707,967 ","  48,599,720 "
"2022-09-11","  35,849,430 ","6","4","2","  12,257,414 ","  23,592,016 "
"2022-09-12","  93,841,432 ","11","6","5","  16,411,927 ","  77,429,505 "
"2022-09-13","  64,118,894 ","9","6","3","  18,502,578 ","  45,616,316 "
"2022-09-14","  86,186,977 ","10","4","6","  11,874,081 ","  74,312,896 "
"2022-09-15","  19,549,584 ","6","6","0","  19,549,584 ","0"
"2022-09-16","  101,146,927 ","10","4","6","  12,790,962 ","  88,355,965 "
"2022-09-17","  30,028,904 ","7","6","1","  15,663,700 ","  14,365,204 "
"2022-09-18","  85,828,483 ","12","8","4","  27,612,970 ","  58,215,513 "
"2022-09-19","  31,127,101 ","6","5","1","  14,456,635 ","  16,670,466 "
"2022-09-20","  66,619,214 ","11","7","4","  21,659,770 ","  44,959,444 "
"2022-09-21","  68,358,494 ","8","5","3","  17,128,785 ","  51,229,709 "
"2022-09-22","  61,337,646 ","8","5","3","  16,738,424 ","  44,599,222 "
"2022-09-23","  39,821,463 ","8","7","1","  16,845,305 ","  22,976,158 "
"2022-09-24","  44,807,913 ","5","3","2","  8,656,647 ","  36,151,266 "
"2022-09-25","  40,929,048 ","13","13","0","  40,929,048 ","0"
"2022-09-26","  86,854,545 ","15","12","3","  36,256,637 ","  50,597,908 "
"2022-09-27","  7,929,282 ","3","3","0","  7,929,282 ","0"
"2022-09-28","  61,521,280 ","11","8","3","  25,090,983 ","  36,430,297 "
"2022-09-29","  51,616,171 ","12","9","3","  22,105,472 ","  29,510,699 "
"2022-09-30","  42,812,186 ","10","9","1","  30,448,958 ","  12,363,228 "
"2022-10-01","  56,593,976 ","9","6","3","  17,881,905 ","  38,712,071 "
"2022-10-02","  56,531,550 ","8","4","4","  10,201,805 ","  46,329,745 "
"2022-10-03","  46,175,262 ","10","9","1","  29,118,159 ","  17,057,103 "
"2022-10-04","  64,179,496 ","10","7","3","  22,378,080 ","  41,801,416 "
"2022-10-05","  88,454,612 ","16","12","4","  33,449,245 ","  55,005,367 "
"2022-10-06","  28,146,174 ","6","5","1","  13,252,272 ","  14,893,902 "
"2022-10-07","  37,477,988 ","9","8","1","  23,629,240 ","  13,848,748 "
"2022-10-08","  108,340,282 ","17","12","5","  35,971,749 ","  72,368,533 "
"2022-10-09","  51,020,115 ","8","5","3","  13,489,183 ","  37,530,932 "
"2022-10-10","  86,448,221 ","13","9","4","  26,693,611 ","  59,754,610 "
"2022-10-11","  84,519,033 ","10","5","5","  15,112,435 ","  69,406,598 "
"2022-10-12","  45,616,676 ","9","7","2","  22,105,170 ","  23,511,506 "
"2022-10-13","  42,944,994 ","8","6","2","  16,569,845 ","  26,375,149 "
"2022-10-14","  55,576,270 ","9","6","3","  20,717,772 ","  34,858,498 "
"2022-10-15","  122,200,688 ","15","9","6","  23,836,053 ","  98,364,635 "
"2022-10-16","  131,767,911 ","14","7","7","  19,634,865 ","  112,133,046 "
"2022-10-17","  44,415,411 ","11","10","1","  28,959,495 ","  15,455,916 "
"2022-10-18","  92,839,759 ","8","3","5","  8,679,001 ","  84,160,758 "
"2022-10-19","  55,317,912 ","12","10","2","  32,427,217 ","  22,890,695 "
"2022-10-20","  35,132,058 ","5","3","2","  9,830,859 ","  25,301,199 "
"2022-10-21","  38,652,779 ","8","5","3","  13,256,853 ","  25,395,926 "
"2022-10-22","  81,697,872 ","12","8","4","  20,105,192 ","  61,592,680 "
"2022-10-23","  57,415,305 ","13","10","3","  26,002,359 ","  31,412,946 "
"2022-10-24","  27,658,309 ","6","5","1","  15,459,429 ","  12,198,880 "
"2022-10-25","  45,927,998 ","8","6","2","  17,080,592 ","  28,847,406 "
"2022-10-26","  61,536,712 ","10","7","3","  22,166,740 ","  39,369,972 "
"2022-10-27","  61,567,355 ","9","6","3","  19,039,663 ","  42,527,692 "
"2022-10-28","  51,585,084 ","10","8","2","  23,433,453 ","  28,151,631 "
"2022-10-29","  71,184,147 ","9","4","5","  11,987,500 ","  59,196,647 "
"2022-10-30","  49,848,774 ","7","5","2","  17,640,698 ","  32,208,076 "
"2022-10-31","  68,346,370 ","11","7","4","  16,200,182 ","  52,146,188 "
"2022-11-01","  125,509,099 ","15","5","10","  13,114,938 ","  112,394,161 "
"2022-11-02","  80,317,712 ","17","13","4","  36,936,773 ","  43,380,939 "
"2022-11-03","  95,688,668 ","20","15","5","  42,868,833 ","  52,819,835 "
"2022-11-04","  107,361,501 ","18","13","5","  39,459,146 ","  67,902,355 "
"2022-11-05","  136,687,585 ","29","23","6","  68,773,225 ","  67,914,360 "
"2022-11-06","  43,283,484 ","10","9","1","  28,142,065 ","  15,141,419 "
"2022-11-07","  108,026,035 ","19","14","5","  42,728,942 ","  65,297,093 "
"2022-11-08","  89,603,437 ","14","10","4","  31,394,996 ","  58,208,441 "
"2022-11-09","  151,214,707 ","22","14","8","  42,627,975 ","  108,586,732 "
"2022-11-10","  78,580,875 ","12","7","5","  15,248,704 ","  63,332,171 "
"2022-11-11","  125,603,140 ","20","15","5","  49,045,433 ","  76,557,707 "
"2022-11-12","  176,750,821 ","25","16","9","  52,944,836 ","  123,805,985 "
"2022-11-13","  71,597,993 ","16","13","3","  34,451,336 ","  37,146,657 "
"2022-11-14","  90,562,241 ","15","11","4","  34,351,158 ","  56,211,083 "
"2022-11-15","  64,125,911 ","14","12","2","  34,883,657 ","  29,242,254 "
"2022-11-16","  21,276,228 ","7","7","0","  21,276,228 ","0"
"2022-11-17","  82,677,966 ","17","15","2","  48,962,045 ","  33,715,921 "
"2022-11-18","  150,070,261 ","18","9","9","  25,616,691 ","  124,453,570 "
"2022-11-19","  155,404,895 ","22","14","8","  45,537,114 ","  109,867,781 "
"2022-11-20","  132,755,419 ","25","19","6","  62,274,957 ","  70,480,462 "
"2022-11-21","  44,879,340 ","8","6","2","  19,498,349 ","  25,380,991 "
"2022-11-22","  63,612,634 ","14","11","3","  28,650,720 ","  34,961,914 "
"2022-11-23","  120,338,327 ","19","13","6","  38,369,781 ","  81,968,546 "
"2022-11-24","  105,965,342 ","17","11","6","  31,357,468 ","  74,607,874 "
"2022-11-25","  98,017,345 ","20","17","3","  50,191,044 ","  47,826,301 "
"2022-11-26","  100,006,138 ","18","14","4","  42,276,072 ","  57,730,066 "
"2022-11-27","  80,517,483 ","16","12","4","  32,074,644 ","  48,442,839 "
"2022-11-28","  109,046,800 ","26","23","3","  65,905,749 ","  43,141,051 "
"2022-11-29","  143,048,581 ","26","20","6","  60,432,774 ","  82,615,807 "
"2022-11-30","  143,096,500 ","19","12","7","  36,170,585 ","  106,925,915 "
"2022-12-01","  60,607,157 ","8","5","3","  19,204,027 ","  41,403,130 "
"2022-12-02","  92,581,146 ","14","10","4","  32,951,061 ","  59,630,085 "
"2022-12-03","  143,513,393 ","18","11","7","  36,342,378 ","  107,171,015 "
"2022-12-04","  70,157,295 ","12","9","3","  28,129,324 ","  42,027,971 "
"2022-12-05","  102,247,337 ","17","12","5","  39,332,876 ","  62,914,461 "
"2022-12-06","  63,569,745 ","10","7","3","  27,000,629 ","  36,569,116 "
"2022-12-07","  186,957,638 ","20","9","11","  25,314,513 ","  161,643,125 "
"2022-12-08","  108,093,866 ","17","12","5","  31,720,294 ","  76,373,572 "
"2022-12-09","  91,838,902 ","10","5","5","  20,177,319 ","  71,661,583 "
"2022-12-10","  111,518,814 ","20","14","6","  38,448,965 ","  73,069,849 "
"2022-12-11","  160,090,537 ","20","12","8","  34,598,252 ","  125,492,285 "
"2022-12-12","  144,240,892 ","20","12","8","  35,586,955 ","  108,653,937 "
"2022-12-13","  121,823,576 ","14","6","8","  19,866,797 ","  101,956,779 "
"2022-12-14","  84,858,751 ","10","6","4","  18,154,552 ","  66,704,199 "
"2022-12-15","  110,205,805 ","20","16","4","  48,034,275 ","  62,171,530 "
"2022-12-16","  152,601,364 ","20","11","9","  29,371,996 ","  123,229,368 "
"2022-12-17","  135,243,089 ","18","10","8","  28,583,929 ","  106,659,160 "
"2022-12-18","  70,519,968 ","10","5","5","  18,134,427 ","  52,385,541 "
"2022-12-19","  144,981,451 ","19","13","6","  47,508,015 ","  97,473,436 "
"2022-12-20","  104,883,969 ","12","5","7","  13,924,183 ","  90,959,786 "
"2022-12-21","  173,951,490 ","24","14","10","  42,210,062 ","  131,741,428 "
"2022-12-22","  128,706,281 ","19","14","5","  40,418,019 ","  88,288,262 "
"2022-12-23","  33,578,447 ","8","7","1","  17,200,225 ","  16,378,222 "
"2022-12-24","  117,630,631 ","20","14","6","  46,582,119 ","  71,048,512 "
"2022-12-25","  131,097,486 ","16","10","6","  28,344,214 ","  102,753,272 "
"2022-12-26","  74,296,297 ","10","6","4","  17,613,749 ","  56,682,548 "
"2022-12-27","  156,843,505 ","17","6","11","  16,905,566 ","  139,937,939 "
"2022-12-28","  79,732,944 ","10","5","5","  16,620,633 ","  63,112,311 "
"2022-12-29","  162,449,094 ","17","9","8","  27,654,191 ","  134,794,903 "
"2022-12-30","  126,972,195 ","14","7","7","  20,344,822 ","  106,627,373 "
"2022-12-31","  103,099,334 ","14","8","6","  26,363,615 ","  76,735,719 "
"2023-01-01","  40,153,818 ","7","5","2","  15,953,968 ","  24,199,850 "
"2023-01-02","  57,750,602 ","7","4","3","  14,077,914 ","  43,672,688 "
"2023-01-03","  62,544,675 ","11","9","2","  30,006,070 ","  32,538,605 "
"2023-01-04","  38,472,914 ","9","7","2","  20,454,325 ","  18,018,589 "
"2023-01-05","  32,753,048 ","7","6","1","  16,949,138 ","  15,803,910 "
"2023-01-06","  40,730,044 ","5","1","4","  4,106,031 ","  36,624,013 "
"2023-01-07","  69,112,747 ","9","6","3","  16,063,662 ","  53,049,085 "
"2023-01-08","  64,794,294 ","10","8","2","  26,624,851 ","  38,169,443 "
"2023-01-09","  13,886,942 ","5","5","0","  13,886,942 ","0"
"2023-01-10","  6,822,253 ","3","3","0","  6,822,253 ","0"
"2023-01-11","  77,354,492 ","13","9","4","  23,842,538 ","  53,511,954 "
"2023-01-12","  34,965,339 ","4","2","2","  5,742,710 ","  29,222,629 "
"2023-01-13","  81,371,470 ","13","10","3","  28,700,290 ","  52,671,180 "
"2023-01-14","  47,887,209 ","7","5","2","  15,109,198 ","  32,778,011 "
"2023-01-15","  68,356,144 ","9","6","3","  17,236,220 ","  51,119,924 "
"2023-01-16","  97,288,877 ","10","4","6","  15,892,924 ","  81,395,953 "
"2023-01-17","  8,042,791 ","3","3","0","  8,042,791 ","0"
"2023-01-18","  11,086,900 ","4","4","0","  11,086,900 ","0"
"2023-01-19","  78,962,836 ","10","5","5","  13,619,374 ","  65,343,462 "
"2023-01-20","  137,600,220 ","23","18","5","  49,826,921 ","  87,773,299 "
"2023-01-21","  106,918,640 ","26","22","4","  62,460,581 ","  44,458,059 "
"2023-01-22","  166,564,553 ","26","19","7","  60,536,606 ","  106,027,947 "
"2023-01-23","  178,700,174 ","32","24","8","  65,534,619 ","  113,165,555 "
"2023-01-24","  142,650,758 ","20","13","7","  40,060,427 ","  102,590,331 "
"2023-01-25","  191,146,380 ","38","30","8","  87,288,811 ","  103,857,569 "
"2023-01-26","  137,858,659 ","22","16","6","  52,095,916 ","  85,762,743 "
"2023-01-27","  193,072,736 ","29","20","9","  61,630,143 ","  131,442,593 "
"2023-01-28","  183,748,976 ","26","17","9","  49,321,413 ","  134,427,563 "
"2023-01-29","  258,002,241 ","43","30","13","  89,811,976 ","  168,190,265 "
"2023-01-30","  156,175,831 ","25","19","6","  58,836,119 ","  97,339,712 "
"2023-01-31","  127,154,143 ","18","13","5","  40,663,774 ","  86,490,369 "
"2023-02-01","  180,946,864 ","28","18","10","  52,776,033 ","  128,170,831 "
"2023-02-02","  125,723,884 ","18","12","6","  39,139,192 ","  86,584,692 "
"2023-02-03","  171,854,035 ","20","11","9","  33,666,208 ","  138,187,827 "
"2023-02-04","  203,991,200 ","26","14","12","  39,308,739 ","  164,682,461 "
"2023-02-05","  190,794,214 ","29","21","8","  71,396,288 ","  119,397,926 "
"2023-02-06","  96,866,043 ","22","19","3","  59,499,126 ","  37,366,917 "
"2023-02-07","  181,162,855 ","30","22","8","  65,001,393 ","  116,161,462 "
"2023-02-08","  90,259,791 ","12","9","3","  28,557,339 ","  61,702,452 "
"2023-02-09","  157,059,128 ","20","12","8","  34,259,828 ","  122,799,300 "
"2023-02-10","  185,377,463 ","23","15","8","  46,559,320 ","  138,818,143 "
"2023-02-11","  283,377,679 ","29","15","14","  41,101,413 ","  242,276,266 "
"2023-02-12","  153,349,967 ","23","14","9","  43,463,774 ","  109,886,193 "
"2023-02-13","  66,588,743 ","12","9","3","  26,992,841 ","  39,595,902 "
"2023-02-14","  237,675,468 ","30","17","13","  49,560,143 ","  188,115,325 "
"2023-02-15","  141,639,012 ","20","14","6","  44,599,086 ","  97,039,926 "
"2023-02-16","  51,171,366 ","9","7","2","  19,510,671 ","  31,660,695 "
"2023-02-17","  54,535,835 ","7","4","3","  12,724,233 ","  41,811,602 "
"2023-02-18","  95,131,290 ","13","8","5","  24,325,322 ","  70,805,968 "
"2023-02-19","  116,155,514 ","15","8","7","  24,909,764 ","  91,245,750 "
"2023-02-20","  43,543,625 ","9","7","2","  19,238,249 ","  24,305,376 "
"2023-02-21","  46,574,423 ","8","6","2","  20,570,159 ","  26,004,264 "
"2023-02-22","  69,423,109 ","9","4","5","  11,390,153 ","  58,032,956 "
"2023-02-23","  56,285,747 ","11","9","2","  25,666,896 ","  30,618,851 "
"2023-02-24","  88,172,995 ","10","5","5","  15,652,358 ","  72,520,637 "
"2023-02-25","  95,009,057 ","12","7","5","  23,317,414 ","  71,691,643 "
"2023-02-26","  53,747,646 ","7","4","3","  15,019,003 ","  38,728,643 "
"2023-02-27","  57,932,137 ","9","5","4","  14,859,057 ","  43,073,080 "
"2023-02-28","  53,439,663 ","9","6","3","  17,762,878 ","  35,676,785 "
"2023-03-01","  36,336,922 ","4","2","2","  5,404,558 ","  30,932,364 "
"2023-03-02","  43,252,210 ","7","4","3","  11,100,362 ","  32,151,848 "
"2023-03-03","  69,295,587 ","13","10","3","  31,889,496 ","  37,406,091 "
"2023-03-04","  94,260,692 ","14","9","5","  23,396,378 ","  70,864,314 "
"2023-03-05","  38,694,885 ","8","7","1","  23,675,046 ","  15,019,839 "
"2023-03-06","  95,533,811 ","11","6","5","  17,787,813 ","  77,745,998 "
"2023-03-07","  58,107,044 ","7","4","3","  13,916,689 ","  44,190,355 "
"2023-03-08","  84,639,490 ","13","10","3","  32,249,734 ","  52,389,756 "
"2023-03-09","  63,729,970 ","10","6","4","  18,514,128 ","  45,215,842 "
"2023-03-10","  25,694,320 ","5","4","1","  13,668,186 ","  12,026,134 "
"2023-03-11","  27,798,838 ","6","5","1","  15,317,448 ","  12,481,390 "
"2023-03-12","  66,766,058 ","12","10","2","  28,485,887 ","  38,280,171 "
"2023-03-13","  33,397,789 ","9","8","1","  18,821,671 ","  14,576,118 "
"2023-03-14","  66,964,869 ","10","7","3","  20,184,779 ","  46,780,090 "
"2023-03-15","  58,295,775 ","12","10","2","  31,857,637 ","  26,438,138 "
"2023-03-16","  34,242,120 ","9","8","1","  28,242,120 ","  6,000,000 "
"2023-03-17","  53,213,471 ","10","6","4","  16,543,542 ","  36,669,929 "
"2023-03-18","  88,875,279 ","14","10","4","  33,308,365 ","  55,566,914 "
"2023-03-19","  51,555,568 ","9","7","2","  19,378,007 ","  32,177,561 "
"2023-03-20","  75,952,958 ","6","1","5","  3,576,214 ","  72,376,744 "
"2023-03-21","  86,468,936 ","13","9","4","  27,295,079 ","  59,173,857 "
"2023-03-22","  33,360,666 ","8","7","1","  21,318,424 ","  12,042,242 "
"2023-03-23","  60,952,685 ","9","5","4","  15,513,462 ","  45,439,223 "
"2023-03-24","  44,480,913 ","13","12","1","  34,484,671 ","  9,996,242 "
"2023-03-25","  106,060,025 ","13","8","5","  24,790,958 ","  81,269,067 "
"2023-03-26","  30,381,346 ","7","6","1","  15,752,408 ","  14,628,938 "
"2023-03-27","  73,263,241 ","8","4","4","  11,583,151 ","  61,680,090 "
"2023-03-28","  23,959,564 ","3","2","1","  5,550,028 ","  18,409,536 "
"2023-03-29","  89,442,729 ","13","9","4","  26,471,987 ","  62,970,742 "
"2023-03-30","  85,564,247 ","13","8","5","  23,673,556 ","  61,890,691 "
"2023-03-31","  66,299,590 ","10","6","4","  16,727,704 ","  49,571,886 "
"2023-04-01","  55,029,685 ","10","8","2","  24,770,141 ","  30,259,544 "
"2023-04-02","  67,821,420 ","12","9","3","  26,608,816 ","  41,212,604 "
"2023-04-03","  26,721,476 ","6","5","1","  14,502,616 ","  12,218,860 "
"2023-04-04","  26,964,996 ","4","2","2","  5,231,565 ","  21,733,431 "
"2023-04-05","  46,779,283 ","9","7","2","  20,017,067 ","  26,762,216 "
"2023-04-06","  36,253,044 ","9","8","1","  20,539,150 ","  15,713,894 "
"2023-04-07","  36,276,685 ","8","7","1","  21,285,836 ","  14,990,849 "
"2023-04-08","  76,722,858 ","13","10","3","  30,618,078 ","  46,104,780 "
"2023-04-09","  58,817,211 ","6","3","3","  10,258,157 ","  48,559,054 "
"2023-04-10","  44,263,864 ","9","8","1","  23,528,537 ","  20,735,327 "
"2023-04-11","  67,237,304 ","13","10","3","  29,458,537 ","  37,778,767 "
"2023-04-12","  93,244,265 ","14","9","5","  25,222,674 ","  68,021,591 "
"2023-04-13","  100,274,633 ","14","9","5","  28,455,866 ","  71,818,767 "
"2023-04-14","  27,768,016 ","7","6","1","  15,212,271 ","  12,555,745 "
"2023-04-15","  83,517,888 ","9","5","4","  15,969,834 ","  67,548,054 "
"2023-04-16","  102,229,726 ","12","6","6","  15,869,522 ","  86,360,204 "
"2023-04-17","  75,559,708 ","9","5","4","  15,043,790 ","  60,515,918 "
"2023-04-18","  74,983,295 ","9","5","4","  16,049,420 ","  58,933,875 "
"2023-04-19","  64,755,080 ","11","7","4","  18,963,199 ","  45,791,881 "
"2023-04-20","  25,588,088 ","7","6","1","  15,761,366 ","  9,826,722 "
"2023-04-21","  27,056,819 ","8","7","1","  19,901,639 ","  7,155,180 "
"2023-04-22","  71,422,712 ","12","9","3","  22,019,974 ","  49,402,738 "
"2023-04-23","  59,385,496 ","8","5","3","  16,625,081 ","  42,760,415 "
"2023-04-24","  27,084,972 ","9","9","0","  27,084,972 ","0"
"2023-04-25","  175,112,495 ","23","13","10","  43,092,725 ","  132,019,770 "
"2023-04-26","  194,383,378 ","22","10","12","  28,903,560 ","  165,479,818 "
"2023-04-27","  186,608,816 ","23","13","10","  40,324,521 ","  146,284,295 "
"2023-04-28","  136,029,809 ","25","20","5","  54,327,648 ","  81,702,161 "
"2023-04-29","  114,436,080 ","17","12","5","  34,595,797 ","  79,840,283 "
"2023-04-30","  175,312,798 ","23","14","9","  43,149,575 ","  132,163,223 "
"2023-05-01","  93,915,055 ","20","17","3","  50,913,179 ","  43,001,876 "
"2023-05-02","  81,386,956 ","9","5","4","  15,649,826 ","  65,737,130 "
"2023-05-03","  114,122,712 ","20","15","5","  39,515,905 ","  74,606,807 "
"2023-05-04","  95,565,865 ","18","14","4","  39,605,660 ","  55,960,205 "
"2023-05-05","  79,266,088 ","23","21","2","  61,909,869 ","  17,356,219 "
"2023-05-06","  42,110,349 ","8","6","2","  19,681,632 ","  22,428,717 "
"2023-05-07","  72,402,002 ","10","7","3","  20,144,953 ","  52,257,049 "
"2023-05-08","  50,127,904 ","8","5","3","  14,575,392 ","  35,552,512 "
"2023-05-09","  37,655,458 ","8","6","2","  14,061,417 ","  23,594,041 "
"2023-05-10","  47,020,050 ","7","5","2","  14,934,987 ","  32,085,063 "
"2023-05-11","  36,225,374 ","6","4","2","  9,267,511 ","  26,957,863 "
"2023-05-12","  51,296,000 ","8","5","3","  18,680,579 ","  32,615,421 "
"2023-05-13","  56,774,650 ","10","8","2","  25,691,070 ","  31,083,580 "
"2023-05-14","  83,994,892 ","10","6","4","  19,828,233 ","  64,166,659 "
"2023-05-15","  29,727,974 ","7","6","1","  19,669,377 ","  10,058,597 "
"2023-05-16","  65,525,249 ","10","6","4","  18,872,527 ","  46,652,722 "
"2023-05-17","  39,143,517 ","9","8","1","  22,585,935 ","  16,557,582 "
"2023-05-18","  24,123,197 ","5","4","1","  11,575,431 ","  12,547,766 "
"2023-05-19","  52,808,909 ","8","5","3","  11,726,008 ","  41,082,901 "
"2023-05-20","  56,143,870 ","8","5","3","  13,690,026 ","  42,453,844 "
"2023-05-21","  63,852,154 ","8","5","3","  17,298,558 ","  46,553,596 "
"2023-05-22","  73,874,356 ","11","8","3","  23,514,664 ","  50,359,692 "
"2023-05-23","  69,056,904 ","12","9","3","  23,480,645 ","  45,576,259 "
"2023-05-24","  25,515,008 ","5","4","1","  13,353,770 ","  12,161,238 "
"2023-05-25","  24,349,227 ","7","7","0","  24,349,227 ","0"
"2023-05-26","  86,429,440 ","16","11","5","  34,607,743 ","  51,821,697 "
"2023-05-27","  50,987,230 ","5","2","3","  5,226,095 ","  45,761,135 "
"2023-05-28","  44,347,463 ","7","5","2","  14,652,041 ","  29,695,422 "
"2023-05-29","  56,973,293 ","9","7","2","  20,079,432 ","  36,893,861 "
"2023-05-30","  87,052,112 ","15","11","4","  32,870,382 ","  54,181,730 "
"2023-05-31","  15,650,469 ","5","5","0","  15,650,469 ","0"
"2023-06-01","  207,576,536 ","18","6","12","  18,501,469 ","  189,075,067 "
"2023-06-02","  178,744,597 ","23","13","10","  41,907,404 ","  136,837,193 "
"2023-06-03","  241,340,949 ","28","15","13","  49,377,351 ","  191,963,598 "
"2023-06-04","  102,739,571 ","7","1","6","  2,162,311 ","  100,577,260 "
"2023-06-05","  118,378,969 ","14","8","6","  23,343,744 ","  95,035,225 "
"2023-06-06","  114,125,905 ","16","10","6","  30,691,036 ","  83,434,869 "
"2023-06-07","  49,789,287 ","8","6","2","  18,250,567 ","  31,538,720 "
"2023-06-08","  75,713,061 ","14","11","3","  31,320,957 ","  44,392,104 "
"2023-06-09","  136,507,630 ","21","14","7","  44,455,467 ","  92,052,163 "
"2023-06-10","  124,535,423 ","18","12","6","  35,770,880 ","  88,764,543 "
"2023-06-11","  327,982,353 ","41","23","18","  68,496,104 ","  259,486,249 "
"2023-06-12","  87,883,212 ","12","7","5","  22,579,972 ","  65,303,240 "
"2023-06-13","  85,070,596 ","12","7","5","  18,248,221 ","  66,822,375 "
"2023-06-14","  127,621,809 ","24","18","6","  56,216,249 ","  71,405,560 "
"2023-06-15","  125,455,599 ","16","9","7","  25,122,846 ","  100,332,753 "
"2023-06-16","  131,665,504 ","18","11","7","  37,767,538 ","  93,897,966 "
"2023-06-17","  84,388,241 ","7","3","4","  9,597,603 ","  74,790,638 "
"2023-06-18","  147,285,136 ","21","14","7","  45,185,907 ","  102,099,229 "
"2023-06-19","  90,591,453 ","14","7","7","  16,202,781 ","  74,388,672 "
"2023-06-20","  78,769,194 ","16","13","3","  39,783,076 ","  38,986,118 "
"2023-06-21","  178,124,101 ","24","15","9","  37,134,218 ","  140,989,883 "
"2023-06-22","  141,965,250 ","18","11","7","  35,847,677 ","  106,117,573 "
"2023-06-23","  198,769,089 ","23","11","12","  32,398,082 ","  166,371,007 "
"2023-06-24","  217,138,632 ","28","16","12","  48,518,176 ","  168,620,456 "
"2023-06-25","  133,758,093 ","23","18","5","  53,261,060 ","  80,497,033 "
"2023-06-26","  133,999,140 ","20","14","6","  46,797,594 ","  87,201,546 "
"2023-06-27","  119,952,440 ","12","5","7","  14,591,264 ","  105,361,176 "
"2023-06-28","  130,752,647 ","18","11","7","  31,237,167 ","  99,515,480 "
"2023-06-29","  196,943,992 ","18","7","11","  19,157,521 ","  177,786,471 "
"2023-06-30","  109,166,789 ","18","15","3","  52,488,629 ","  56,678,160 "
"2023-07-01","  119,870,413 ","21","17","4","  53,153,820 ","  66,716,593 "
"2023-07-02","  152,375,856 ","18","9","9","  29,419,958 ","  122,955,898 "
"2023-07-03","  177,210,852 ","22","12","10","  36,702,106 ","  140,508,746 "
"2023-07-04","  162,350,248 ","28","17","11","  45,964,224 ","  116,386,024 "
"2023-07-05","  196,131,109 ","24","14","10","  48,233,354 ","  147,897,755 "
"2023-07-06","  144,566,628 ","20","12","8","  37,355,780 ","  107,210,848 "
"2023-07-07","  244,761,748 ","25","11","14","  35,743,402 ","  209,018,346 "
"2023-07-08","  138,534,143 ","18","11","7","  33,914,426 ","  104,619,717 "
"2023-07-09","  279,941,799 ","30","13","17","  42,170,969 ","  237,770,830 "
"2023-07-10","  69,969,050 ","8","4","4","  10,278,182 ","  59,690,868 "
"2023-07-11","  170,129,869 ","18","8","10","  25,966,155 ","  144,163,714 "
"2023-07-12","  172,423,707 ","16","5","11","  17,379,769 ","  155,043,938 "
"2023-07-13","  190,354,423 ","20","11","9","  36,433,623 ","  153,920,800 "
"2023-07-14","  84,558,491 ","14","9","5","  26,421,887 ","  58,136,604 "
"2023-07-15","  218,159,660 ","32","19","13","  53,230,751 ","  164,928,909 "
"2023-07-16","  108,598,002 ","21","17","4","  48,679,087 ","  59,918,915 "
"2023-07-17","  174,437,632 ","20","10","10","  27,389,959 ","  147,047,673 "
"2023-07-18","  125,145,036 ","18","11","7","  31,416,349 ","  93,728,687 "
"2023-07-19","  90,760,010 ","14","9","5","  27,547,449 ","  63,212,561 "
"2023-07-20","  128,043,771 ","16","9","7","  27,182,546 ","  100,861,225 "
"2023-07-21","  126,071,162 ","18","11","7","  32,667,169 ","  93,403,993 "
"2023-07-22","  128,532,827 ","14","8","6","  19,657,018 ","  108,875,809 "
"2023-07-23","  63,601,968 ","12","10","2","  31,881,122 ","  31,720,846 "
"2023-07-24","  91,725,950 ","16","10","6","  30,972,304 ","  60,753,646 "
"2023-07-25","  207,609,055 ","26","14","12","  45,635,785 ","  161,973,270 "
"2023-07-26","  87,176,751 ","8","2","6","  4,042,253 ","  83,134,498 "
"2023-07-27","  208,330,956 ","24","12","12","  36,503,663 ","  171,827,293 "
"2023-07-28","  223,685,594 ","25","12","13","  41,168,907 ","  182,516,687 "
"2023-07-29","  190,292,358 ","30","20","10","  54,382,817 ","  135,909,541 "
"2023-07-30","  184,019,177 ","23","13","10","  37,820,508 ","  146,198,669 "
"2023-07-31","  72,433,569 ","10","5","5","  12,075,592 ","  60,357,977 "
"2023-08-01","  131,230,802 ","20","13","7","  38,530,629 ","  92,700,173 "
"2023-08-02","  197,493,717 ","22","11","11","  37,189,137 ","  160,304,580 "
"2023-08-03","  143,252,830 ","18","10","8","  32,979,238 ","  110,273,592 "
"2023-08-04","  221,870,812 ","28","15","13","  45,437,743 ","  176,433,069 "
"2023-08-05","  153,989,197 ","21","13","8","  39,444,908 ","  114,544,289 "
"2023-08-06","  145,236,563 ","18","11","7","  34,054,156 ","  111,182,407 "
"2023-08-07","  137,945,284 ","20","13","7","  33,144,088 ","  104,801,196 "
"2023-08-08","  117,174,611 ","22","16","6","  46,126,355 ","  71,048,256 "
"2023-08-09","  122,661,099 ","14","7","7","  23,370,855 ","  99,290,244 "
"2023-08-10","  164,377,629 ","18","9","9","  25,916,827 ","  138,460,802 "
"2023-08-11","  154,880,747 ","18","10","8","  31,150,916 ","  123,729,831 "
"2023-08-12","  150,108,274 ","21","11","10","  27,634,342 ","  122,473,932 "
"2023-08-13","  80,896,345 ","12","7","5","  21,198,367 ","  59,697,978 "
"2023-08-14","  64,784,094 ","12","9","3","  22,564,274 ","  42,219,820 "
"2023-08-15","  155,113,005 ","18","8","10","  22,994,692 ","  132,118,313 "
"2023-08-16","  93,178,802 ","14","8","6","  22,069,445 ","  71,109,357 "
"2023-08-17","  109,930,493 ","14","9","5","  30,820,236 ","  79,110,257 "
"2023-08-18","  116,774,623 ","18","11","7","  29,276,503 ","  87,498,120 "
"2023-08-19","  221,634,106 ","34","22","12","  61,725,947 ","  159,908,159 "
"2023-08-20","  247,143,292 ","30","19","11","  54,213,265 ","  192,930,027 "
"2023-08-21","  91,736,500 ","12","6","6","  18,282,543 ","  73,453,957 "
"2023-08-22","  201,409,411 ","22","12","10","  40,726,853 ","  160,682,558 "
"2023-08-23","  226,812,521 ","28","14","14","  39,938,408 ","  186,874,113 "
"2023-08-24","  210,567,959 ","32","20","12","  59,456,278 ","  151,111,681 "
"2023-08-25","  96,584,561 ","12","7","5","  19,543,003 ","  77,041,558 "
"2023-08-26","  81,376,847 ","18","15","3","  45,530,189 ","  35,846,658 "
"2023-08-27","  256,651,753 ","32","20","12","  66,144,847 ","  190,506,906 "
"2023-08-28","  142,973,151 ","18","10","8","  28,457,981 ","  114,515,170 "
"2023-08-29","  166,318,193 ","28","22","6","  62,065,873 ","  104,252,320 "
"2023-08-30","  219,026,829 ","26","13","13","  36,282,353 ","  182,744,476 "
"2023-08-31","  153,654,449 ","16","6","10","  18,998,904 ","  134,655,545 "
"2023-09-01","  129,350,000 ","18","12","6","  38,655,061 ","  90,694,939 "
"2023-09-02","  62,997,747 ","13","11","2","  31,975,464 ","  31,022,283 "
"2023-09-03","  64,408,079 ","17","16","1","  50,232,502 ","  14,175,577 "
"2023-09-04","  87,873,691 ","14","10","4","  33,397,535 ","  54,476,156 "
"2023-09-05","  92,878,535 ","14","8","6","  22,244,883 ","  70,633,652 "
"2023-09-06","  126,686,202 ","16","11","5","  35,027,261 ","  91,658,941 "
"2023-09-07","  81,144,149 ","11","7","4","  22,540,905 ","  58,603,244 "
"2023-09-08","  77,393,590 ","14","10","4","  30,334,038 ","  47,059,552 "
"2023-09-09","  99,227,264 ","10","3","7","  8,192,441 ","  91,034,823 "
"2023-09-10","  78,382,456 ","9","5","4","  14,912,134 ","  63,470,322 "
"2023-09-11","  67,722,822 ","15","12","3","  26,817,863 ","  40,904,959 "
"2023-09-12","  127,025,645 ","16","8","8","  24,369,773 ","  102,655,872 "
"2023-09-13","  68,427,139 ","12","10","2","  35,270,710 ","  33,156,429 "
"2023-09-14","  101,161,695 ","15","10","5","  28,045,887 ","  73,115,808 "
"2023-09-15","  48,030,465 ","13","12","1","  36,090,620 ","  11,939,845 "
"2023-09-16","  47,175,748 ","9","7","2","  20,938,617 ","  26,237,131 "
"2023-09-17","  67,281,468 ","10","6","4","  19,003,904 ","  48,277,564 "
"2023-09-18","  23,965,977 ","7","7","0","  23,965,977 ","0"
"2023-09-19","  50,109,944 ","11","10","1","  30,942,494 ","  19,167,450 "
"2023-09-20","  81,043,454 ","7","3","4","  7,806,080 ","  73,237,374 "
"2023-09-21","  59,699,603 ","8","5","3","  12,579,637 ","  47,119,966 "
"2023-09-22","  42,838,583 ","12","11","1","  33,516,527 ","  9,322,056 "
"2023-09-23","  41,475,775 ","10","9","1","  24,311,220 ","  17,164,555 "
"2023-09-24","  55,996,551 ","9","7","2","  21,868,630 ","  34,127,921 "
"2023-09-25","  33,770,998 ","7","6","1","  17,866,088 ","  15,904,910 "
"2023-09-26","  33,273,533 ","8","7","1","  16,727,600 ","  16,545,933 "
"2023-09-27","  90,838,839 ","12","8","4","  24,351,707 ","  66,487,132 "
"","","","","","",""
"","","","","","",""
"Revenue-average","  98,533,172 ","","","","",""
